i,me,my,myself,we,our,ours,ourselves,you,your,yours,yourself,yourselves,he,him,his,himself,she,her,hers,herself,it,its,itself,they,them,their,theirs,themselves,what,which,who,whom,this,that,these,those,am,is,are,was,were,be,been,being,have,has,had,having,do,does,did,doing,a,an,the,and,but,if,or,because,as,until,while,of,at,by,for,with,about,against,between,into,through,during,before,after,above,below,to,from,up,down,in,out,on,off,over,under,again,further,then,once,here,there,when,where,why,how,all,any,both,each,few,more,most,other,some,such,no,nor,not,only,own,same,so,than,too,very,s,t,can,will,just,don,should,now,___ebola,aa,aacr,aap,aap.org,aas,ab,abbey,abboud,abbreviated,abbreviation,abbreviations,abcsg,abdomen,abdomi,abdominal,abdominus,abernethy,aberrant,abeywardena,ability,ablation,able,ables,abnormal,abnormalities,abnormality,abo,abolishing,abpi,abramovitch,abrogate,abrupt,absar,absence,absent,absolute,absorption,abstract,abundance,ac,acad,academ,academiae,academic,academy,accel,accelerate,accelerated,accelerating,accentuated,acceptability,acceptable,acceptance,accepted,accepting,access,accessed,accidental,accidents,accompanied,accompanies,accompany,accordance,according,accordingly,account,accounted,accounting,accounts,accrual,accumulating,accumulation,accuracy,accurate,accurately,acetylcholine,achar,aches,achieve,achieved,achievement,achieving,acid,acidosis,acids,acknowledge,acknowledgements,acknowledgments,acquired,acquisition,across,act,acta,actin,acting,action,actions,activate,activated,activates,activation,activation.z,activator,activators,active,activities,activity,actors,acts,actual,actually,actuarial,acuity,acute,acutely,ad,ad.zebov,adam,adami,adaptability,adaptation,adaptations,adapted,adapting,adaptive,add,added,addenbrookes,addenbrooke’s,addi,adding,addition,additional,additionally,additive,address,addressed,addressing,adeno,adenocar,adenocarci,adenocarcinoma,adenomas,adenosine,adenoviral,adenovirus,adequacy,adequate,adequately,adhere,adherence,adherent,adhesion,adhikari,adjacent,adjunct,adjunctive,adjusted,adjustment,adjuvant,admin,administer,administered,administra,administration,admitted,adopted,adoption,adrenal,adult,adults,adv,advan,advance,advanced,advances,advancing,advantage,advantageous,advantages,advent,adventure,adverse,adversely,advice,advise,advised,advisory,advocate,ae,aebi,aerial,aerobic,aerobics,aesthet,aesthetic,aetna,af,aff,affect,affected,affecting,affects,affiliations,affl,afr,africa,african,afterloader,ag,age,age.html,aged,agent,agents,ages,aggregation,aggres,aggressive,agitation,agnandji,agonist,agonists,agreed,ah,ahead,ai,aid,aids,aigner,aim,aimed,aims,air,airlock,aj,ajcc,ajelli,ak,aka,akiyama,akm,akt,al,alakus,alan,alanine,albain,albanell,albers,alberta,albrink,alcohol,alderson,alert,alex,algorithm,alhazzani,aligned,alima,alix,allard,allavena,allele,allow,allowances,allowed,allowing,allows,ally,almici,almost,alone,along,alpha,already,alsarraj,also,altare,alter,alteration,alterations,altered,altering,alternative,alternatively,alters,although,alvarez,always,alzheimer,ambulatory,ameliorating,amelioration,amenable,america,americal,american,americans,americas,ames,amining,aminotransferase,amiodarone,ammatory,amniotic,amodiaquine,amoeboid,among,amoroso,amount,ampli,amplication,amplicon,amplifi,amplification,amt,amthauer,amylase,amélie,anaemia,analogous,analogue,analogues,analogy,analyses,analysis,analytical,analyzed,anastrozole,anatomic,anatomical,anatomically,anatomy,anc,anco,ancs,andersen,anderson,andhipec,andreas,andrian,androgen,andronico,anecdotal,angiogenesis,angiogenic,angiographic,angiolymphatic,angiotensin,animal,animals,anion,anita,ankara,ann,anne,announced,annu,annual,annually,anorexia,another,anselmi,ansumana,antagonise,antagonism,antagonist,anthracycline,anthracyclines,anthropomorphic,anti,antiangiogenic,antibiotics,antibodies,antibody,anticancer,anticipated,anticipation,antiemetic,antierens,antiestrogen,antigen,antigens,antimicrob,antioestrogen,antioestrogenic,antioestrogens,antithrombin,antitumor,antitumour,antiviral,antonio,antracycline,antwerp,antyy,ap,apc,apcs,ape,apes,apical,apm,apoe,apolipoprotein,apoptosis,apoptotic,apparent,apparently,appear,appearance,appeared,appearing,appears,appel,appendec,appendectomy,appendectomywith,appendi,appendiceal,appendicitis,appendix,appfelastaedt,applicable,application,applications,applicator,applied,applies,apply,applying,appointment,appreciate,approach,approaches,approaching,appropri,appropriate,appropriately,approval,approvals,approved,approximate,approximately,april,aps,apud,apy,ar,arbutus,arch,archer,architecture,archival,area,areas,aregawi,arenas,arenzana,areolar,arimbawa,arimidex,arise,arisen,arises,arising,ariyarajah,arm,arms,arno,arnold,aromase,aromatase,around,arrangement,arrest,arrhythmias,arrival,arriving,arterial,arteries,arterioscler,arteriosclerosis,artery,artesunate,arthralgia,arthritis,arthur,article,articles,artifi,artificial,arvatz,ascites,asco,asgeirsson,ashes,ashley,asia,asian,ask,askali,asone,aspartate,aspect,aspects,aspirates,aspiration,aspsm,ass,assay,assays,asselain,assembly,assess,assessed,assessing,assessment,assessments,asset,assigned,assigning,assist,assistance,assisted,assisting,assn.org,assoc,associa,associated,associatedwith,associates,association,associations,assumed,assumption,astation,asthenia,astronomy,asymptomatic,atac,ataxia,ate,atenchong,atherogenesis,atherogenic,atheroma,atheromatous,atherosc,atherosclerosis,atherosclerotic,athota,ation,ations,ative,atl,atlanta,atm,atp,attached,attack,attained,attainment,attempt,attempted,attempts,attend,attendance,attends,attens,attention,attenuate,attenuated,attenuation,attributable,attribute,attributed,attribution,au,aucott,audet,audit,auditive,aug,augier,august,augusto,austrian,author,authorities,authorization,authors,author’s,autoimmune,autologous,automated,autosomal,availability,available,ave,avenell,aventura,avenue,avenues,average,averaged,averna,avigan,aviles,aviram,avoid,avoidance,avoided,avoiding,avs,aw,awada,awareness,away,axilla,axillary,axis,ay,ayadi,ayers,ayoz,azambuja,azman,b,ba,baba,babicky,babies,baby,bachelor’s,back,backdrop,background,bacteria,bacterial,badimon,bag,bah,baines,baize,bajamonde,baker,balance,balanced,bali,balinandi,balkwill,ballabeni,ballabio,balloon,bansal,bao,bar,baratti,barcelona,barely,bark,barlow,barnett,barone,barr,barragán,barrera,barrett,barrier,barriers,bars,barte,bartlett,barton,basa,basal,base,based,baselga,baseline,basement,bashkin,basic,basis,bat,batlle,bats,baulida,baum,baumstark,baurain,bausch,bavarian,bay,baynes,baysah,bb,bbc,bcirg,bcx,bd,beam,beams,bear,beauchesne,beaumont,became,becher,becker,beckstrand,become,becomes,becquart,bed,bedford,beds,bedside,beef,began,begins,behall,behav,behavior,behaviour,behavioural,behind,behranwala,behrendt,beitch,bekolo,belgium,beliefs,believed,bell,bellacosa,belletti,bellevue,bellosta,belong,belonging,belongs,bench,benchmark,benedix,beneffcial,benefi,beneficial,beneficially,benefit,benefits,benetos,benign,benitez,benjamin,benson,benzothiaphene,beppu,ber,beral,berditchevski,berer,beresford,berg,bergeron,bergers,bermejo,bernard,bernhard,berry,bertherat,berti,bertolli,berx,besides,best,beste,beta,bethesda,better,betweenmucin,beug,bevacizumab,beverage,beyond,bg,bh,bi,bianually,bibliographic,bibliographies,bicanova,bidard,biden,biermann,big,bilateral,bile,billhot,bination,bind,binding,binds,bined,binkoski,bio,biochem,biochemical,biochemistry,biochim,biodimensional,biodrugs,biography,biohazard,biol,biologic,biological,biologically,biologics,biology,biomarkers,biomed,biomolecular,biopharma,biophys,biopsies,biopsy,bioriskreduction,biorxiv,biosafety,biosci,biosecure,biosynthesis,biotransformation,bipolar,birth,biswas,bj,black,blackham,blamey,blane,blasberg,bleeding,blick,blind,blinded,blk,bloating,bloc,blocking,blocks,blood,bloodstream,bloomfi,blue,blumencranz,blunted,bly,bm,bmc,bmj,bn,bni.uni,bo,board,boardley,bobrow,boccado,bodies,bodily,bodleian,body,boen,boetes,bogoch,bolay,bollet,bolton,bon,bonaa,bonadonna,bone,bonnet,bonnomet,boon,boost,boosted,booster,boosting,borcherta,bordeaux,bordeaux.fr,borderline,borders,bore,boreham,borne,bos,boston,botulinum,bouchard,boudreaux,bound,boundaries,boundary,bova,bowel,bowen,bower,box,boyd,bp,br,brabek,brachy,brachytherapy,bracken,brackets,brain,bran,brate,brauer,bray,brca,breakdown,breaking,breaks,breast,brendan,brende,brewer,briand,brief,brincidofovir,brink,british,britton,broad,broadly,brocker,broglio,brook,broom,brouns,broutet,brown,bruce,brucei,brussels,brussels.msf.org,bruyneel,bryant,brysse,buc,buchanan,buchwald,bukreyev,bull,bundibugyo,bunv,burden,burial,buring,burke,burnaby,burns,burstein,burzio,business,businesses,buy,buzdar,bwaka,bypass,byrne,bywell,báez,c,ca,caballero,cache,cacious,cacy,cad,cadherin,cadherins,caduff,caf,cafs,cal,calain,calcium,caleo,calgary,california,callaway,called,calls,cally,calorie,caluwaerts,camacho,camara,cambridge,camcer,campaign,campbell,campos,cams,canada,cance,cancer,canceris,cancers,candidate,candidates,cannot,cano,cansino,cant,cantly,cap,capable,capacity,capecitabine,capecitibine,capillary,capps,capsular,capsule,capture,capturing,carbo,carbohydrate,carbohydrates,carboplatin,carci,carcinoembryonic,carcinoid,carcinoma,carcinomas,carcinomatosis,cardenas,cardiac,cardiol,cardioprotective,cardiotoxicity,cardiovas,cardiovascular,cardo,care,careful,carefully,carey,caribbean,caring,carl,carlson,carmeliet,caroline,carpi,carriage,carried,carrion,carry,cars,carter,carvalho,cascade,cascinelli,case,cases,casesd,casner,cast,castillo,castration,castro,cat,catalysed,catalyst,cataract,cataracts,catastrophic,catecholamines,cated,categories,category,catheter,catholic,cation,catron,caucasians,cauley,causally,cause,caused,causes,causing,caution,cautioned,cava,cavallaro,cavity,cb,cc,cd,cdc,cdc.gov,ce,cea,cecum,cedex,ceeding,cehun,cell,cells,cellular,cellularity,centage,centennial,center,centers,central,centre,centred,centres,cepi,cerbone,cereal,cerebrospinal,ceremonies,certain,cerutti,cessation,cetp,cetron,cf,cg,cga,ch,cha,chad,chadinah,chain,challenge,challenges,challenging,chambers,championed,chan,chance,chances,chandran,chang,change,changed,changes,channels,channon,chaplain,chapman,characterised,characteristics,characterization,characterized,charleston,chase,chathampally,chaudri,chd,che,chek,chelsea,chem,chemical,chemo,chemoendocrine,chemokine,chemokines,chemopreven,chemoprevention,chemopreventive,chemosuppression,chemother,chemotherapeutic,chemotherapies,chemotherapy,chemotherapywith,chen,cheng,cherkaoui,chertow,chest,chia,chief,child,childbearing,children,children's,children’s,chimerized,chimpanzee,china,chlebowski,chloroquine,cho,choi,choice,cholecystectomy,choles,cholestatic,cholesterol,cholesterolaemic,cholesteryl,choudhury,choudry,chowienczyk,christofori,chromogenic,chromogranin,chronic,chronically,chu,chua,chughtai,chung,ci,cial,cichmann,cide,cient,cies,ciglenecki,cinoma,circulate,circulating,circulation,circumstances,cirrincione,cis,cise,citation,cited,cities,citis,citizen,citron,city,cj,cjh,claesson,claim,clarify,clarity,clark,clarke,clas,classes,classically,classification,classifications,classified,clean,clear,clearance,clearly,cleary,cleaving,clegg,clemmer,clemmesen,clemmesen’s,clerck,cleton,climb,clin,clines,clinic,clinical,clinically,clinicaltrials.gov,clinico,clinicopathologi,clinicopathologic,clinicopathological,clinics,clock,close,closed,closely,closer,closure,clots,clotting,clouded,clues,cluster,clustering,clusters,cm,cmf,co,coa,coagulation,coalition,coastal,coasts,coates,cobbe,cochrane,cock,cocktail,cocktails,coconut,code,coenzyme,coerkamp,coghlin,cognitive,cohen,cohort,coincided,colclasure,cold,colditz,coldman,coli,coll,collaborative,collagen,collagenase,collated,colleague,colleagueszz,collected,collection,collections,collective,collectively,college,collet,collins,colon,colonic,colonization,colonoscopy,color,colorectal,colosimo,columbia,com,coma,combat,combi,combina,combination,combinations,combinatorial,combinatory,combine,combined,combining,come,comes,comijn,coming,commendable,commensurate,comments,commercial,commission,commit,commitment,committee,common,commonly,commons,commu,communicate,communication,communities,community,community’s,comorbidities,company,comparable,comparative,compare,compared,comparing,comparison,comparisons,compartments,compassion,compassionate,compatible,compelling,compen,compensate,compensated,compensation,compensatory,competent,competing,competitively,complaints,complementary,complemented,complet,complete,completed,completely,completing,completion,complex,complexity,compliance,complicated,complications,complying,component,components,composition,compounded,compounds,compr,comprehensive,comprises,comprising,compulsory,computational,computed,computer,con,conakry,concentra,concentration,concentrations,concentric,concept,concepts,conceptually,concern,concerned,concerning,concerns,concluded,conclurlon,conclusion,conclusions,conclusive,conclusively,concomitant,concordance,concur,concurrent,concurrently,condeelis,condition,conditioned,conditions,conducted,confer,conferences,conferring,confers,confi,confidence,confined,confirm,confirmation,confirmed,confl,conflict,conflicting,conflicts,conformal,conformality,conformation,confounder,confusing,confusion,congestive,congo,congruent,conjunction,conjunctival,conjunctivitis,conmbute,connaught,connelly,connolly,connor,conrtltuentr,consecutive,consensus,consequence,consequences,consequently,conser,conservation,conservative,conservatively,conserved,conserving,consider,considerable,considerably,consideration,considerations,considered,considering,consist,consisted,consistent,consistently,consisting,consists,consoli,constant,constantly,constituent,constituents,constitutes,constrained,constraints,constrict,constriction,constrictor,construction,consultant,consultations,consumed,consuming,consumption,contact,contacts,contagious,contain,contained,containing,contains,contaminated,conte,contemporary,content,contents,context,contexts,contextualize,contiguity,continent,continents,continue,continued,continues,continuing,contraceptive,contractile,contractions,contracture,contraindication,contralateral,contrast,contre,contribute,contributed,contributes,contribution,contributions,contributor,contributors,control,controlled,controlling,controls,controversial,controversies,convalescence,convalescent,conventional,conventionally,converse,conversely,conversion,converts,convulsions,cook,cookies,coombes,cooperate,cooperates,coordinated,coordinately,coordination,cope,copies,copy,copyright,cordon,core,cores,cori,cork,corn,corneau,cornelisse,cornerstone,coro,coronary,coronavirus,corporation,corpses,corrected,correction,correlate,correlated,correlates,correlating,correlation,correlative,correspondence,corresponding,corresponds,corsini,corti,cortical,cosmesis,cosmetic,cosmetically,cosmos,cost,costantino,costs,coté,cough,could,counseled,counselling,counter,countermeasure,countermeasures,counterparts,counting,countless,countries,country,county,courbot,course,courses,courtesy,couture,cov,coval,cover,coverage,covered,covering,covid,covid.cdc.gov,cox,cp,cr,craig,crawford,crease,creased,create,created,creates,creatine,creative,creativecommons.org,creatore,cremoux,crine,crippling,crisis,cristalloid,cristofanilli,crit,criteria,critical,critically,cronin,cross,crossover,crosstalk,crowded,croyle,crozier,crs,crucial,crude,cs,csr,ct,ctc,ctcs,ctg,ctscan,cu,cuba,cuckle,cular,cularly,cult,culties,cultural,culture,cultured,cum,cumulative,cunningham,curative,curb,cure,cured,curr,current,currently,curve,curves,cuttino,cuzick,cw,cxcl,cxcr,cycle,cycles,cyclo,cyclooxygenase,cyclophosphamide,cynthia,cypd,cyst,cystic,cysts,cytokine,cytokines,cytologic,cytology,cytometric,cytometry,cytopathic,cytopathology,cytor,cytore,cytoreduc,cytoreduction,cytoreductive,cytoskeleton,cytosol,cytosolic,cytotoxic,cytotoxicity,cárdenas,côte,d,da,dahl,daily,dakar,dalziel,damage,dampier,dangerous,danish,dano,darby,dark,data,database,databases,date,dates,davey,davi,david,davidson,davies,davis,davison,day,days,db,dc,dd,ddh,de,dead,deadline,deadly,deal,death,deaths,debatable,debulking,decade,decades,decay,deceased’s,decem,december,decision,decisions,deck,decker,declaration,declare,declared,decline,declined,declines,declining,decontaminated,decontamination,decrease,decreased,decreases,decreasing,dedi,dedicated,deen,deeper,defective,defense,defer,defi,deficit,deficits,define,defined,defining,definition,definitive,definitively,deformation,deformations,deformity,degeorges,degradation,degrading,degree,degrees,deibert,del,delaloge,delamou,delaunay,delay,delayed,deleterious,deletion,delirium,deliver,delivered,delivering,delivers,delivery,della,delta,deltaef,demand,demanding,demands,demartini,demetri,demia,democratic,demonstrate,demonstrated,demonstrates,demonstrating,demonstration,den,dence,deng,denis,denis.malvy,denominated,denotes,denpasar,dense,densely,density,denus,deoxyuridine,department,departments,dependency,dependent,depending,depends,depletion,deploy,deployment,deposit,deposition,deposits,deprivation,depth,der,deriaz,derivatives,derive,derived,deryugina,des,descent,describe,described,description,descriptive,deselect,design,designated,designations,designed,desirable,desire,desmet,desperately,despite,despres,destroyed,destructive,detail,detailed,detect,detectable,detected,detecting,detection,deter,determinant,determinants,determine,determined,determines,determining,detracted,dev,devastating,develop,developed,developing,development,developments,develops,devesa,device,devices,devised,devynck,dew,dexameth,df,dg,dh,di,diabetes,diag,diagnose,diagnosed,diagnosing,diagnosis,diagnostic,diagnostics,diallo,dialogue,diameter,diar,diarrhea,diarrhoea,diastolic,dicks,died,diego,diehl,dieras,diet,dietary,dietetics,diets,diff,differen,difference,differences,different,differential,differentiate,differentiated,differently,differing,diffi,difficult,difficulties,diffuse,diffusion,digest,dignified,dignity,dilate,dilated,dilemma,dilemmas,dimberg,dimension,dimensional,dimesional,diminno,ding,dipersio,diphosphate,direct,directed,direction,directions,directly,dis,disaggregation,discharge,disclaimer,disclose,disclosures,discontinued,discouraged,discov,discovered,discovery,discrepancies,discrepancy,discrete,discretely,discretion,discrimina,discriminatory,discussed,discussion,discussions,disease,diseases,disinfection,disintegration,disorder,disorders,disparity,displacement,display,disposable,disrupt,disrupted,disruption,dissection,dissemina,disseminated,dissemination,distal,distance,distancing,distant,distention,distinct,distinction,distinguish,distorted,distress,distribu,distributed,distribution,distributions,disturbances,divergence,divergent,diverse,diversity,diverted,diverting,divided,dividuals,division,dixon,dj,dk,dl,dm,dn,dna,doble,docetaxel,docetaxol,dockerty,docosahexae,docosahexaenoic,doctor,doctorate,doctrow,docu,documentary,documented,doffed,doffing,doi,doi.org,dokubo,dolnik,dolzhikova,domain,domains,domestically,dominant,dominantly,dominated,dominguez,domized,donaher,donatello,done,dong,donning,donor,donors,doppler,dormancy,dornemann,dorothy,dorsi,dose,doses,dosing,double,doubled,doubles,doubling,doubrovin,doubt,dowell,dowlatshahi,downloaded,downloads,downstage,downstaging,dowsett,doxorubicin,dp,dphil,dr,dramatic,draw,drc,drennan,dressed,dressing,dressler,dressman,drew,drf,dried,drive,drives,drobnjak,dronedarone,droplet,drowsiness,drug,drugs,ds,dsc,dt,dua,dual,duality,dubose,ductal,ducted,duction,dudas,due,duff,dugan,dujovne,dukoff,dular,duncombe,dunning,dura,duraffour,duration,durations,durrington,durstine,duvignaud,dv,dvorak,dw,dx,dx.doi.org,dy,dye,dynamic,dynamics,dysfunction,dyslipi,dyslipidemia,dyslipidemic,dysphagia,dyspnea,dyspnoea,département,déry,d’andrea,d’ivoire,d’yachkova,e,e.g,ea,earlier,earliest,early,ease,eastaugh,eastern,easton,eat,eb,ebbs,ebctcg,ebine,ebo,ebogp,ebola,ebolavirus,ebolaviruses,ebov,ebrahim,ec,echocardiogram,echography,ecm,ecological,ecology,economic,ecosystems,ect,ected,ecting,ection,ective,ectively,ectiveness,ects,ecuador,ed,eda,edge,editio,edition,editor,editorial,editors,edrf,education,educational,eduction,edwards,eeden,eff,effec,effect,effecta,effective,effectively,effectiveness,effects,effi,efficacious,efficacy,efficient,efflux,efforts,eg,egashira,egeblad,eger,egg,eh,ehf,ei,eichstadt,eicosapen,eicosapentaenoic,eiermann,eight,eirmann,either,ej,ejection,ek,el,elaboration,elapsed,elavathil,elbow,eld,elderly,elds,elect,electrolyte,electron,element,elementary,elements,elevated,elevation,elevations,elias,eliceiri,elicit,eligibility,eligible,eliminate,elimination,eliopoulos,elkin,eller,ellis,ellsworth,elongated,els,elsevier,elucidate,elucidating,em,email,emanuel,embedded,embo,emboli,embolic,embolilabeled,emer,emerg,emerge,emerged,emergence,emergencies,emergency,emerging,emesis,emission,emmerich,emond,emotional,emphasis,emphasised,emphasized,empirical,employ,employed,empowerment,emt,en,enable,enabled,enables,encasement,ence,enced,encephalitis,encephalopathy,encodes,encompasses,encourage,encouraged,encourages,encouraging,end,endemic,enderling,ending,endocr,endocrine,endocrinology,endogenous,endometrial,endorsement,endothe,endothelial,endothelium,endoxifen,endpoint,endpoints,ends,endurance,energy,enets,eng,engagement,engelke,engl,england,enhance,enhanced,enhances,enhancing,ening,enlarged,enney,enriched,enrolled,enrolment,ensue,ensuing,ensure,enter,enteral,entering,enterochromaffin,enters,enthusiasm,entirely,entity,entrance,entry,envelope,environment,environmental,envisaged,enzyme,enzymes,eo,ep,epelboin,epic,epicardial,epidemic,epidemics,epidemies,epidemiol,epidemiologic,epidemiological,epidemiology,epidermal,epirubicin,episodic,epithelial,epithelium,epitopes,epomops,epothilones,epub,equally,equateur,equatorial,equipment,equivalence,equivalent,equivocal,er,erated,erating,ered,erence,erences,erent,erential,erentiation,ergistic,erickson,erlinger,erlotinib,ers,eryth,es,escalating,escalation,escape,eskotter,especially,essential,essentially,establish,established,establishes,establishing,establishment,ester,esteva,estimated,estimates,estimating,estimation,estrogen,et,etary,etc,etcs,etherton,ethical,ethnic,ethnicity,etiology,ettinger,eur,europe,european,ev,evade,evaluate,evaluated,evaluating,evaluation,evaluations,evans,evasion,evate,evd,even,event,events,eventually,ever,everolimus,evers,every,everyone,evi,eviction,evidence,evidenced,evident,evista,evo,evolution,evolutionary,evolve,evolved,ew,ex,exacerbate,exacerbated,exact,examination,examinations,examine,examined,examines,examining,example,examples,exceed,exceeded,exceedingly,excellent,except,exception,exceptional,exceptionally,exceptions,excess,excessive,exchange,excised,excision,exclude,exclusion,exclusively,executive,exemestane,exemplifi,exer,exerc,exercise,exercised,exercises,exercising,exhibit,exhibited,exhibits,exion,exist,existing,exists,exit,exogenous,exp,expand,expanded,expander,expansion,expatriates,expectancy,expectation,expected,experi,experience,experienced,experiences,experiencing,experimental,expert,explain,explained,explains,explanations,exploited,exploration,explore,explored,exploring,expose,exposed,exposure,express,expressed,expresses,expressing,expression,exten,extended,extension,extensive,extensively,extent,external,extracellular,extract,extracts,extraperitoneal,extravasating,extreme,extremely,ey,eye,ezetimibe,f,fa,fabry,fac,face,faced,facial,facilitate,facilitated,facilitates,facilitating,facilities,facility,facs,fact,factor,factories,factors,fagnan,fahl,fahlman,fail,failed,fails,failure,fairly,falcone,fall,fallen,falling,falls,false,falzarano,fam,familial,familiar,families,family,fan,fanick,far,fare,farrar,fascrs,fashion,faster,fasting,fat,fatal,fatalities,fatality,fate,fatigue,fats,fatty,fautsch,fava,favipiravir,favor,favorable,favorably,favourable,favouring,favours,faye,fb,fc,fda,fear,feared,fearon,feasibility,feasible,feature,features,febrile,february,fec,fed,federal,feeding,fees,felding,feldmann,fell,female,fence,feng,fenofi,ferdinand,ferguson,ferlay,fernandez,ferrara,ferrari,ferrell,fertile,fertility,fever,fevers,fewer,fey,fi,fiber,fibers,fibric,fibrino,fibrinogen,fibrinolysis,fibrinopepetide,fibrinopeptide,fibroblast,fibroblasts,fibrocystic,fibronectin,fibrosis,fibrous,fidler,field,fields,fig,figure,figures,fil,files,filled,filling,filo,filoviral,filoviridae,filovirus,filovirus_infection_,filoviruses,final,final.pdf,finalising,finally,find,finding,findings,finds,fine,finger,fini,fink,firbank,firmed,firmly,first,firstly,fischer,fish,fisher,fisherian,fissure,fissuring,fit,fitting,five,fj,fl,flakes,flare,fleming,flerish,fletcher,flexure,flietstra,flood,flow,floxuridine,fluid,fluids,fluoro,fluorouracil,flushing,fluvastatin,flynn,fm,fnclcc,fo,foam,foci,focus,focused,focuses,focusing,foekens,foes,foisner,fold,folegatti,folk,folkesson,folkman,follow,followed,following,follows,fomites,fontela,food,foods,forbes,force,forces,ford,forearm,forecariah,foreign,forest,form,formal,formalin,forman,formance,formation,formenti,formenty,former,formerly,forms,formulary,formulated,formulation,fornaro,forster,fortunate,fortunately,found,foundation,founder,four,fourfold,fourquet,fourth,fowler,fox,foxymed,fpa,fraass,fraction,fractions,fracture,fractures,framework,france,franci,francis,francisco,franckowiak,franqueti,fransvea,franz,frascio,fraser,fraumeni,frazier,frcpc,free,freedman,freetown,freeze,french,frequency,frequent,frequently,fresh,friedl,friends,fritsche,front,frontières,frontline,frozen,fruit,ftika,fuchs,fuchsjager,fueled,fuentes,fujifilm,full,fully,fumanelli,fumoleau,function,functional,functionally,functions,funding,funeral,funerals,funk,fur,furthermore,fusenig,fuster,futility,future,fy,fyles,g,ga,gabon,gadolini,gagnon,gain,gained,gaining,gains,gala,galaviz,gallo,galvani,gamalei,gambiense,gamblint,gamevac,gao,gap,gaps,garau,garcia,garlic,garrett,garske,garza,gascon,gashumba,gaskill,gastinger,gastrectomy,gastro,gastroenterol,gastroenterology,gastroenteropancreatic,gastrointesti,gastrointestinal,gastroparesis,gastrulation,gattuso,gauge,gauger,gauthier,gauzère,gaüzère,gca,gcas,gd,ge,gefi,gehring,geiger,geisbert,gelatinase,gelber,geller,gelmon,gemignani,gen,gency,gene,geneity,general,generally,generated,generating,generation,genes,genet,genetic,genetically,genetics,genic,genital,genome,genomes,genomic,genomics,genotype,genus,geographical,geographically,geometry,george,georges,georgia,gerald,gerber,gerhardt,german,germano,germany,germline,gerontol,gerrity,gershanovich,gersten,gertler,gest,get,geyer,gf,gg,gh,ghosh,gi,gia,giachetti,gianni,giardino,giavaresi,gibani,gibbs,gignoux,gilead,gilles,giobbie,giri,girth,gitelman,giuliani,give,given,gives,giving,gj,gkirtzimanaki,gl,glan,gland,glands,glandular,glaxo,glob,global,globalization,globe,globe’s,glomerular,glucan,glucorinidase,glucose,glycoprotein,glynn,glypican,gm,gmail.com,gn,gnant,goal,goals,goba,goblet,goetz,goh,going,goldberg,goldfi,goldhirsch,goldman,goldsmith,gomez,gonzález,good,goodman,gorilla,goss,gotte,gotzsche,gould,governments,gp,gr,grace,grade,graded,grademaa,gradient,grading,gradual,graduates,gram,grandaliano,grandin,grandjean,grant,grants,gratama,grathwohl,gratitude,gray,great,greater,greatest,greatly,greer,greslan,griensven,griffin,griffiths,grimsgaard,grisanti,grobaski,groseth,gross,grossly,ground,group,group.press,groups,grow,growing,growth,growths,grubaugh,grundy,grunfeld,grunsven,gs,gschmeissner,gsell,guantitative,guaranteed,guarino,guarneri,gueckedou,guenther,guest,gui,guidance,guide,guided,guideline,guidelines,guides,guilavogui,guiliano,guilielmum,guillaume,guimard,guinea,guinean,guise,gulland,gulu,gums,gunther,guo,gupta,guration,gure,gushchin,gw,gx,gy,gámez,gómez,günther,h,ha,haba,habanera,habermann,haddock,hae,haematocrit,haematogenous,haematological,haemodialysis,haemodynamic,haemoglobin,haemorheological,haemorrhage,haemorrhagic,haemost,haemostasis,hagberg,hage,hajra,halabi,halas,halberg,half,hallfrisch,hallmark,hallmarks,haloperidol,halstedian,halverson,hambrecht,hamburg,hamburg.de,hamm,hammond,hampered,hanahan,hand,handed,handle,handling,hands,hankinson,hansen,happened,happening,happens,harbeck,harbor,hardy,harries,harris,harrison,hart,hartley,harvard,haskell,hassan,hauer,hayes,hazan,hazard,hb,hc,hd,hdc,hdl,head,headache,headaches,healers,healey,healing,health,healthcare,healthy,heart,heated,heavily,heberlein,hecker,heightened,helbich,held,helderman,help,helped,helps,hematemesis,hematogenous,hematol,hematopoietic,hematuria,hemicolec,hemicolectomy,hemoptysis,hemorrhage,hemorrhagic,hence,henceforward,henderson,heparan,heparanase,heparin,heparitinase,hepatic,hepatis,hepatocytes,hepatol,hepatology,hera,herceptin,hereditary,herefore,herein,heritage,hermann,hermans,hermon,heroic,herp,herreros,herrmann,hese,hess,heterochromia,heterodimerization,heterodimers,heterogeneities,heterogeneity,heterologous,heterozygosity,heylen,heys,hf,hg,hi,hiccups,hicklin,hierholzer,hif,high,higher,highest,highlighted,highlights,highly,hilde,hilde.de.clerc,hill,hillan,hills,hindawi,hipec,hira,hiratsuka,histochemistry,histogram,histologi,histologic,histological,histologically,histology,histopathology,histori,historical,historically,history,hit,hiv,hj,hkoh,hl,hm,ho,hodenberg,hoenen,hoff,hold,holding,holiday,holistic,holmberg,holmes,home,homeadvegas,homeobox,homes,homes.html,homey,homing,homo,homogeneity,homolog,homologous,hook,hooper,hoover,hope,hoped,hopkins,horby,hormonal,hormonally,hormone,hormones,horn,hornstra,horrendis,hortobagyi,hortobagyii,hos,hospital,hospitalier,hospitalization,hospitalized,host,hosts,host’s,hot,hou,houck,houlihan,hours,household,households,houston,howard,however,howlader,howlett,hoxb,hoyer,hp,hpf,hsph.harvard.edu,http,https,hu,huang,huat,hub,hughes,hugo,hum,human,humanised,humanitarian,humanity,humanized,humans,humoral,humphries,hundred,hung,hunt,hunter,huntington,hurder,hutcheon,huttner,huylebroeck,hwang,hy,hyaluronan,hyatt,hybridi,hybridisation,hydrate,hydronephrosis,hydroxy,hyg,hyper,hypercholesterolaemia,hypercholesterolaemic,hypercholesterolemia,hypercholesterolemic,hypercoagulability,hyperenhancement,hyperenhancing,hyperlipidemia,hyperlipidemias,hyperlipidemic,hypertension,hypertensive,hyperthermic,hypertriglyceridemia,hypocalcaemia,hypocalcemia,hypocholesterolemic,hypofibrinolytic,hypofractionated,hypofractionation,hypokalaemia,hyponatraemia,hypotension,hypotheses,hypothesis,hypothesized,hypovolaemia,hypovolemic,hypoxaemia,hypoxia,hypoxic,hypsignathus,hysteria,i.e,ia,iatro,iatrogenically,ib,ibis,ibrahim,ibtr,ibu,ic,ic.oup.com,ical,ically,icity,icting,icts,ictv,icu,id,idaka,idea,ideally,identi,identical,identifi,identification,identified,identify,identifying,ie,ies,ig,igf,igg,igm,ii,iia,iib,iic,iii,iiia,iiib,iiic,ij,ijhms,ijhs,ijhs.vn,ijid,ilan,ilarly,ilbr,ileum,ileus,ilial,ill,illness,illnesses,illustrated,illustrates,illustrations,im,image,images,imaging,imbalances,immature,immediate,immediately,immune,immunisation,immunity,immunization,immuno,immunodeficient,immunoexpression,immunogenic,immunogenicity,immunoglobulin,immunohistochemical,immunohistochemistry,immunol,immunologic,immunological,immunologically,immunology,immunomagnetic,immunopathology,immunospot,immunother,immunotherapeutics,immunotherapy,impact,impairment,impairments,impairs,impede,impermeable,implant,implanted,implants,imple,implement,implementation,implemented,implementing,implicated,implications,implies,imply,importance,important,importantly,imported,imposed,impossible,impractical,impressively,imprint,improve,improved,improvement,improvements,improves,improving,inadequate,inases,inc,incapacitating,inception,incidence,incidentally,incision,inclined,include,included,includes,including,inclusion,income,inconsistencies,incorporate,incorporates,incorporation,increase,increased,increases,increasing,increasingly,incremental,incubation,incurable,indeed,independent,index,indi,india,indiana,indicate,indicated,indicates,indication,indications,indicator,indicators,indices,indigenous,indirect,indirectly,indispensable,individ,individual,individualized,individually,individuals,individual’s,indolent,indonesia,induc,induce,induced,induces,inducible,inducing,induction,industrialised,ineffective,inept,inequalities,inevit,inexorable,infant,infect,infected,infectieuses,infecting,infection,infections,infectious,infective,infectivity,inferior,infiltrating,infiltration,infl,inflammation,inflammatory,inflow,influence,influences,influencing,influenza,inform,information,informed,inframammary,infrastructure,infrastructures,infrequently,infusion,infusions,ing,ingested,ingle,inhalational,inheritance,inherited,inhibit,inhibited,inhibiting,inhibition,inhibito,inhibitor,inhibitors,inhibitory,inhibits,initial,initially,initiate,initiated,initiation,initiatives,injected,injection,injury,inked,inland,inman,innate,innovation,innovations,innovative,inoperable,inquiry,insensitive,inserm,insertion,inside,insights,inspection,inst,installation,installing,instance,instead,instigation,institute,institutes,institution,institutionally,institutions,insuffi,insufficient,insulin,insurance,int,intake,intakes,integral,integrated,integrating,integration,integrin,integrins,integrity,intense,intensifi,intensity,intensive,intent,intention,inter,interact,interacting,interaction,interactions,interactive,interacts,intercellular,interchangeable,interest,interested,interesting,interestingly,interests,interfere,interfering,interferon,intergroup,interim,interior,intermediate,intermediates,intern,internal,international,interplay,interrupt,interrupted,interstitial,interval,intervals,interven,intervention,interventional,interventions,intestinal,intestine,intra,intracellular,intraocular,intraoperative,intraoperatively,intraperi,intraperitoneal,intravasate,intravasation,intravascular,intravenous,intrinsic,introduction,invade,invades,invadopodia,invadopodial,invasion,invasive,invasiveness,inventoried,inverse,invest,investig,investigated,investigating,investigation,investigational,investigations,investigators,investl,involve,involved,involvement,involves,involving,io,ioannidis,iodo,iort,iota,ip,ipc,ipsilateral,ir,ire,ireland,irenge,iris,irooka,irradia,irradiated,irradiation,irrespective,irresponsibility,isabelle,ischaemia,isease,iset,ishi,island,ismail,ismitomycin,isoflavones,isoforms,isolate,isolated,isolating,isolation,isomeaic,isoprenoid,isotope,issn,issue,issues,istered,ists,ita,itakura,italian,italy,itb,items,itg.be,itipo,itoh,itzykson,iv,iva,ivb,ivc,iversen,iwai,iwatsuki,iwayansuryasa,ix,ixabepilone,izing,j,j.chom,j.clinimag,j.dsx,j.ijscr,j.parkreldis,j.pcad,j.psychres,j.rmed,j:www.bcirg.org,ja,jackman,jackson,jacobs,jacques,jacquet,jaeger,jagsi,jain,jaiyesimi,jakeman,jama,jama.com,jamanetwork.com,james,jane,janicke,jankovic,jansen,january,japan,jatoi,jb,jc,jd,je,jehn,jeju,jejuno,jejunum,jemal,jensen,jeopardise,jephcott,jf,jg,jh,ji,jia,jiang,jiki,jiménez,jj,jk,jl,jm,jn,johan,john,john.benson,johns,johnsen,johnson,joint,joints,jolla,joly,jonat,jones,jonnalagadda,jordan,journal,journals,joyce,jp,jpb,jr,js,jt,judicious,juices,julian,julien,july,junctions,june,jung,junior,justify,justifying,jv,jvangriensven,jvg,jw,jx,jy,jyt,k,ka,kagume,kai,kaitlyn,kajinami,kakonen,kal,kalkowski,kalluri,kamal,kamei,kamloops,kaneko,kang,kann,kanu,kaplan,kappab,karnofsky,katan,kateh,kates,katznelson,kau,kavey,kb,kc,ke,keely,keep,keeping,keidar,keisch,keita,keitell,kelley,kelly,kemler,kemp,kennedy,kept,kerber,kerckhoffs,kerkhove,keshaviah,kestin,kevin,key,keywords,kg,kh,khan,khatcheressian,khosravi,ki,kibuuka,kick,kidney,kiechle,kieh,kijima,kikwit,kilburn,kill,killer,kim,kinase,kinetics,king,kingdom,kingebeni,kinsman,kirk,kits,kivu,kj,kk,kkelly,klagsbrun,klaupland,kleeff,kleer,klein,kleine,klem,kley,klimstra,kline,klose,km,know,knowledge,known,kobashigawa,koberle,kobinger,koh,koldoris,kollmannsberger,komoike,konde,konig,korc,kostner,kotb,kowalski,kr,kraan,kraemer,krag,krantz,krauss,kresge,kreuels,kreuger,kris,krista,kruegrer,krumkamp,ks,ksiazek,kt,kube,kubler,kucharski,kuehn,kugelman,kuhn,kujit,kuller,kumulungui,kusamura,kuske,kv,kw,l,la,lab,label,labelling,laborate,laboratory,labusquière,lack,lacking,lackner,lacks,lacoste,lacroix,lactate,laden,lado,lady,lagrou,laks,lam,lamarche,lamballerie,lambert,laminin,lamn,lamon,lamontagne,lanc,lancet,land,lander,landon,landry,landscape,lang,langley,language,lanini,lankan,laouenan,laparoscopic,laparoscopically,laparoscopy,laparotomy,lapatinib,large,largely,larger,largest,larginine,larue,last,lastly,late,later,latest,latin,latissimus,latter,laupland,lavie,laviruses,law,laxing,lay,layard,ld,ldl,le,lead,leaders,leading,leads,leakage,leake,lean,leap,learned,learning,lease,leases,least,leave,leaving,lecture,led,lee,leeuw,left,legends,lehman,leigh,leite,leligdowicz,lenburg,length,lengthening,lenk,lens,leon,leone,leroy,les,lesion,lesions,less,lessen,lesson,lessons,lestero,lesterol,letchacovski,lethal,lethargy,letrozole,leucovorin,leukoc,leung,lev,level,levelling,levels,levenson,lever,levine,levy,lewis,leyland,lf,lg,lh,li,lianidou,liberal,liberia,libitum,library,licenced,license,licensed,licenses,lichtenstein,liddell,life,lifelong,lifestyle,lifestyles,lifetime,ligand,ligase,like,likely,lim,limit,limitations,limited,limiting,limits,lin,lindblade,lindquist,line,linear,lines,ling,linguistics,link,linked,linking,lino,lipae,lipemia,lipid,lipidaemia,lipidol,lipids,lipopro,lipoprotein,lipoproteins,lippert,lisk,list,listed,listing,literature,litres,little,liu,lium,live,liver,livingwith,lj,ll,llege,lloyd,lm,lo,load,loading,loads,lobular,local,localise,localised,localized,locally,located,location,locations,locker,loco,locoregional,lofa,lofaso,logic,logical,logistical,lohmann,loman,lond,london,long,longer,longevity,longitudinal,longmate,loo,look,lookinland,looks,loop,loops,loosely,lose,losing,loss,losses,lost,loua,louis,louisiana,lovastatin,low,lowenthal,lower,lowered,lowering,lowers,lowest,loyola,lozada,lr,ls,lss,lt,ludtke,luini,lumen,lump,lumpectomy,lumps,luna,lund,lung,lungs,luteinising,lutte,lutwama,luu,lvhvabbdq,lw,lx,lyden,lying,lyke,lyman,lymph,lymphatic,lymphoc,lymphocytes,lymphovascular,lyophilised,lys,léon,m,ma,maa,maas,mab,mabs,mac,macaulay,macenta,mack,mackay,mackenzie,mackey,macmillan,macneil,macrometastases,macrometastatic,macrophage,macrophages,macroscopic,maculo,mad,madani,made,magazine,magdelenat,magn,magnetic,mahanty,mahoney,maihle,mail,main,mainly,maintain,maintained,maintains,maintenance,major,majority,make,makes,maki,making,makona,makris,maladies,malaise,malar,malaria,male,malfair,mali,malian,malignancies,malignancy,malignant,mallillin,malondialdehyde,maltezou,malvy,mameri,mammals,mammaprint,mammarium,mammary,mammo,mammogram,mammographic,mammography,mammoplasty,mammosite,mamo,mamounas,man,manabí,manage,managed,management,managing,manchul,mancini,mandate,mandates,maneval,mani,manifest,manifestation,manifestations,manipulation,manner,manson,mantovani,manufacturing,manuscript,manuscript_ecedfbae,manuscripts,many,maor,map,map.html,mapk,mappbio,marburg,marburger,marburgvirus,march,marchionni,mareel,margarines,margin,marginally,margins,maria.rodriguez,mariani,marini,marked,marker,markers,markou,marrow,marsden,marshall,marston,martens,martin,martino,marty,maruyama,mary,marzi,maría,masa,mask,masked,mass,massachusetts,massague,massaquoi,massive,massively,masson,mastectomy,master,mat,matched,mate,matera,material,materials,maternal,mathematical,mathiot,matrix,matsuda,matsumoto,matsuno,matter,mattia,matzek,mauri,mauriac,maxhimer,maximal,maximise,maximised,maximum,may,mayer,mayinga,mayo,mazo,mazzone,mazzucca,mb,mba,mbah,mbala,mbandaka,mc,mcc,mccann,mccarty,mcclanahan,mcclure,mcconnell,mccready,mcculley,mcculloch,mccusker,mcdonald,mcdonnell,mcelroy,mcelroya,mcf,mcgill,mcgill.ca,mcgowan,mcnamara,mcpherson,mcshan,mcsherry,md,mda,meagher,mean,meaning,meaningful,meaningfully,means,meanwhile,measurable,measurably,measure,measured,measurement,measures,measuring,meat,mechanical,mechanism,mechanisms,med,media,median,mediate,mediated,mediating,mediators,medical,medically,medicine,medium,medline,meet,meetings,megnien,mego,mehanna,mehta,meilahn,melena,mellies,member,members,membrane,membranes,memorial,men,menarche,mendations,mended,mendelsohn,mendoza,meng,meningoencephalitis,mennel,meno,menopausal,menopause,mensink,mensions,menstrual,ment,mental,mentation,mented,mentioned,ments,merajver,merase,merck,merely,merler,mesangial,mesenchymal,mesenteric,mesoappendix,message,messersmith,met,meta,metab,metabolic,metabolism,metabolite,metallopro,metalloproteinase,metalloproteinases,metas,metasta,metastasectomy,metastases,metastasesin,metastasis,metastasize,metastasizing,metastatic,meter,method,methodologies,methods,methotrexate,methylglutaryl,metoclopramide,metric,mevalonate,mexico,mg,mh,mhz,mi,mia,miami,mib,mic,miccoli,mice,micke,microarray,microarrays,microbe,microbiol,microbiology,microcalcifi,microenvironment,microenvironmental,micrograph,micrometastases,micrometastatic,microscopic,microscopically,microscopy,microtracks,microtubules,microvascular,middle,middlesex,midgut,mierke,miettinen,might,mignot,migrate,migrating,migration,migratory,milani,mild,mildly,milieu,military,milk,millard,miller,milligan,million,millions,mimicry,mimori,min,mind,minihane,minimal,minimally,minimise,minimum,miniscule,ministry,minn,minor,minute,minutes,mire,mirror,misasi,miscarriage,mission,mitchell,mitlak,mitogen,mitogenes,mitogenesis,mitogenic,mitoses,mitotic,mittal,mixed,mixtures,mj,mk,ml,mm,mmc,mmol,mmp,mmps,mmtv,mn,mo,mobile,mobilised,mobility,mod,mode,model,modeling,modelling,models,moderate,moderately,modern,modes,modest,modifi,modifiable,modifications,modified,modify,modulate,modulated,modulates,modulating,modulation,modulations,modulator,modulators,moertel,mohar,mohiuddin,mol,molecular,molecule,molecules,monfar,monitor,monitored,monitoring,monkeys,monninkhof,mono,monoclonal,monocyte,monocytes,monogr,mononegavirales,monotherapy,monrovia,monstrosus,month,monthly,months,mood,moore,moores,moran,morbidities,morbidity,morbis,moreover,morgue,mori,morpho,morphogenesis,morphologic,morphological,morphology,morrow,mortality,mortem,mosca,moss,mostly,mother,motherapy,motif,motility,motivated,motor,motorbikes,motorcyclists,mount,mouridsen,mouse,move,movement,movements,mp,mph,mr,mrc,mri,mrna,mroczkowski,ms,msc,mt,mtor,much,mucin,mucinous,mucosal,mueller,muggia,mulangu,muller,multi,multicenter,multicentre,multidisciplinary,multifactorial,multifocality,multigene,multigenic,multinational,multiorgan,multiplanar,multiple,multiplying,multistage,multistep,multisystem,multivariate,mundo,mundy,munoz,munro,murakami,mural,murine,murphy,murray,musc,muscle,muscles,muscularis,musculoskeletal,muss,must,mutated,mutation,mutational,mutations,mutilating,mva,mw,mx,myal,myalgia,myalgias,myocardial,myonycteris,myopathy,myosin,myriad,médecins,n,n'zerekore,na,naeem,nagbe,naglak,nagorney,nahta,naik,nair,naive,nakamori,nakamura,nal,naldini,nam,name,named,namely,nanets,nanoparticle,naschitz,nash,nat,nation,national,nations,native,natl,natural,nature,nausea,navirus,nc,ncc,nccn,ncep,ncic,nci’s,ncov,nct,nd,ndeffo,nding,ndings,ne,near,nearby,nearly,necessarily,necessary,neck,ned,need,needed,needing,needle,needs,negative,negatively,negativity,negl,neighbouring,neither,nelson,neo,neoadjuvant,neonatal,neoplasia,neoplasm,neoplasms,neovasc,neovascularisation,nervous,ness,nested,nestel,netw,network,networks,neu,neuro,neurocognitive,neuroendo,neuroendocrine,neurologic,neurological,neurology,neuromuscular,neutral,neutralising,neutralization,neutralizing,neve,nevertheless,new,newborn,newer,newly,news,next,nf,nguyen,nhp,nhs,nhs.uk,nic,nicable,niche,niches,nichols,nicolas,nicolini,niebauer,niederle,nielsen,nifi,nih,nimc,nine,nipple,niques,nitecki,nitive,niu,nj,njenge,nk,nl,nloaded,nocht,nodal,node,nodes,nodularity,noic,noid,nollet,noma,nomenclature,nomogram,nomograms,non,nonaka,noncommercial,nondiabetic,nonetheless,noninva,noninvasive,nonmalignant,nonpalpable,nonpharmaco,nonpharmacological,nonruptured,nonsignificant,nonspecific,nonstandardized,nonsteroidal,nonsupervised,nonsurvivors,noradrenaline,nordic,nordoy,norepinephrine,normal,normalisation,normalise,normalization,normo,normocholesterolaemic,normocholesterolemic,normothermic,north,northern,northwood,norton,nosed,nosocomial,nota,notably,notarbartolo,note,noted,notes,noticed,notified,notion,notions,nottingham,notwithstanding,nov,novel,november,novo,novotny,nowels,np,nr,ns,nsabp,nsp,nuaba,nucl,nucleic,nucleobase,nucleoprotein,nucleoside,nucleotide,nude,nulliparity,nulliparous,num,number,numbers,nuns,nurse,nursing,nus.edu.sg,nutr,nutraceuticals,nutri,nutrients,nutrition,nutritional,nuts,nx,ny,nyenswah,nz,nzara,o,o'loughlin,oa,oat,oatmeal,ob,obe,obes,obese,obesity,objective,obscure,observation,observational,observations,observed,obstet,obstruction,obtain,obtained,obtaining,obviate,occasional,occasionally,occlusive,occult,occur,occurred,occurrence,occurring,occurs,ochayon,ockene,october,octreotide,ocular,ocytes,odds,oehler,oestereich,oestrogen,oestrogenic,oestrogens,offer,offered,offerhaus,offers,offi,office,offices,official,officials,offman,ofmucin,often,ogy,oiknine,oil,oils,oj,okware,olavide,old,older,oldest,olding,oliveira,olivia,olivotto,olshen,olsson,oltmann,om,omaswa,omega,omentectomy,omicron,omission,omitted,omnipresent,omplex,oncogene,oncol,oncological,oncologist,oncologists,oncology,oncoplastic,oncotype,ondansetron,one,ones,onge,ongoing,online,onset,onstric,ontribute,oopho,oophorectomy,oozing,opacity,open,opens,operable,operated,operating,operation,operational,operations,operative,ophthalmology,opiates,opin,opinion,opinions,opioid,opportunities,opportunity,opposed,opposing,optimal,optimised,optimising,optimum,option,optional,options,oral,order,ordered,ordovas,orel,org,organ,organisation,organisations,organised,organisms,organization,organizing,organs,orienting,orifice,origin,original,originally,originating,orimo,ormal,oronary,orrechia,orts,orzano,osborne,osteoblasts,osteoclasts,osteoporosis,osteoporotic,ostlund,ostman,ota,others,otherwise,otinic,ouattara,outbreak,outbreaks,outcome,outcomes,outgrowth,outlined,outperformed,outreach,outset,outside,outstanding,ov,ovarian,ovaries,overall,overcome,overcoming,overdose,overdose.pdf,overdoses,overexpress,overexpressed,overexpresses,overexpressing,overexpression,overgaard,overlap,overlapping,overlaps,overlying,overs,oversaw,overt,overtreated,overtreatment,overview,overweight,overwhelmed,ow,owes,owever,owing,oxaliplatin,oxford,oxidative,oxide,oxygen,oza,o’malley,o’reilly,p,pa,pablo,pac,pace,pacific,package,pacli,paclitaxel,pacs,pactr,padhani,paepke,paessler,pagani,page,pages,paget,paho,pai,paid,paik,pain,pair,paired,pal,palich,palliative,palma,palpable,palpably,pan,panabieres,panchal,pancreas,pancreatitis,pandemic,panel,paniagua,pankova,pantel,panuveitis,paoletti,pape,papers,pappas,pappo,papular,paracetamol,paradigm,paradigms,paradoxical,paradoxically,paraffi,parallel,paralysis,parameters,paramita,parasitol,parenchyma,parenteral,paris,parity,park,parker,parkinsonism,parkinson’s,paroxetine,parpia,parra,parsons,part,parti,partial,participants,participate,participated,participating,participation,particle,particles,particular,particularly,partly,partners,partnership,partridge,parts,pasagian,pass,passed,past,patel,path,pathobiology,pathogenesis,pathogenetic,pathogenic,pathogenicity,pathogens,pathol,pathologic,pathological,pathologists,pathology,pathophysiological,pathophysiology,paths,pathway,pathways,patient,patients,patientswill,patientswith,patientwhohadbeen,patient’s,paton,pattern,patterns,pauci,pausal,pave,pavlidis,pb,pbb,pc,pci,pcr,pd,pdf,pdgf,pdgffoam,pe,peak,peaked,peculiar,pediatrics,pedicled,peeper,peer,pegram,pellegrin,pelvic,pelvis,penetrance,penetrate,penetration,people,people’s,peptide,per,perceived,percent,percentage,perception,perceptions,percutaneous,peretz,perey,perez,perforates,perforation,perform,performance,performed,perfusate,perfusion,perhaps,periappendiceal,pericellular,perineural,period,periods,perioperative,peripheral,periphery,peritoneal,peritonec,peritonectomy,peritonei,peritoneum,peritonitis,peritumoral,permeability,permissible,permission,permits,permitting,peroxidation,perpendicularly,perren,perret,perri,pers,persist,persistence,persistent,persisting,persists,person,personal,persons,perspective,perspectives,pertinent,perturbation,pertuzumab,pet,petechiae,peter,peter.jones,peterse,peterson,petitjean,peto,petrek,peutic,pg,pgi,ph,pham,phan,phares,pharmaceutical,pharmaceuticals,pharmacists,pharmacogenetics,pharmacogenomic,pharmacokinetics,pharmacol,pharmacological,pharmacology,pharmacother,pharmacotherapy,phase,phd,phenotype,phenotypes,phenotypic,philadelphia,philips,philos,phosphamide,phosphatidylinositol,phosphokinase,photo,photograph,photon,phy,phys,physical,physically,physics,physiol,physiological,phytosterols,pienkowski,pierga,pierre,pii,piist,pik,pilch,pill,pilot,pinder,pineda,pingpank,pinner,pioneered,pioneering,piot,pital,pitals,pitt.edu,pittsburgh,piw,pj,pl,place,placebo,placed,placement,placental,places,plan,planetary,planning,plant,plaque,plaques,plasma,plasminogen,plasms,plast,plasticity,plasty,plate,plateau,platelet,platelets,plausible,play,players,playing,plays,plementation,plevritis,plos,ploug,plow,plucinski,plummer,pluripotential,plus,pm,pmed,pmp,pneumococcal,pneumonia,po,pocket,podar,point,points,polarity,polette,policy,pollard,polonsky,polyarthritis,polychemotherapy,polymerase,polymorphism,polypeptide,polyps,polyunsaturated,polyvalent,pomerantz,pomeroy,pompe,ponomarev,poobalan,pooley,poor,poorly,pope,popular,popularity,population,populations,porcine,pores,port,porta,ported,portella,porter,portoviejo,posch,pose,poses,position,positive,positively,positivity,positron,possess,possessing,possibility,possible,possibly,post,poste,postebogui,posterior,postiglione,postischemic,postmastectomy,postmeno,postmenopausal,postoper,postoperative,postoperatively,postpartum,postprandial,postreceptor,postulated,potential,potentially,potentiated,potently,poth,poultry,pourrut,powder,power,powerful,powles,pp,ppar,ppe,pr,pract,practical,practically,practice,practices,practised,pragmatic,prateek,pravastatin,pre,precautions,precede,preceded,preceding,precious,precise,preclinical,precluded,precursors,predefined,predeterminism,predict,predicted,predicting,prediction,predictive,predictor,predictors,predicts,predilection,predisposed,predisposition,predominance,predominant,predominantly,preexisting,preferable,preferably,preferential,preferentially,preferred,pregnancies,pregnancy,pregnant,preliminary,premalignant,prematurely,premenopausal,preoperative,preoperatively,preparation,preparedness,prerenal,prerequisites,prescribed,presence,present,presentation,presented,presenting,presents,preservation,preserve,preserved,preserving,president,press,pression,pressor,pressure,presumed,presupposes,presurgical,pretreated,prev,prevac,prevail,prevalence,prevalent,prevent,prevented,prevention,preventive,prevents,previous,previously,primarily,primary,primate,primates,prime,priming,primodial,principal,principle,principles,print,prinz,prior,prioritization,prioritizing,priority,prison,prisoners,pritchard,privacy,privileged,prize,pro,probability,probably,problematic,problems,proc,procedure,procedures,proceed,proceeded,process,processed,processes,procter,produc,produce,produced,producing,product,production,products,prof,professional,professionals,professor,profi,profile,profiles,profound,proge,progenitor,progesterone,progestin,prognoses,prognosis,prognostic,prognosticators,program,programme,programmes,programs,program’s,progress,progression,progressive,progressively,project,prolifera,proliferating,proliferation,proliferative,prolong,prolonged,prominent,promise,promising,promote,promoted,promotes,promoting,promotion,prompt,prompted,prone,pronounce,pronounced,proof,propagation,propensity,properly,properties,prophylaxis,proportion,proportional,proposed,propria,prospect,prospective,prostac,prostate,protease,proteases,protect,protection,protective,protein,proteins,proteinuria,proteoglycan,proteoglycans,proteolysis,proteolytic,proteomics,prothrombotic,proto,protocol,protocols,protrusive,prove,proved,proven,provenzano,provide,provided,provides,providing,province,provision,provisional,provoke,proximal,proximity,ps,psaila,pseudomyxoma,psychiatry,psychological,psychology,psychosocial,psyllium,pten,pteropodidae,public,publication,publications,published,publishers,publishing,pubmed,puddey,pugh,puglisi,pulse,pulsus.com,puntillo,purcell,purely,purified,purpose,purposes,push,putative,puts,pw,pyrazinecarboxamide,pérez,q,qb,qc,qiu,qq,qrt,quadrant,qualitative,quality,quan,quantifi,quantitation,quantitative,quantities,quantity,quarantine,quarter,quarters,quebec,queen,querci,ques,question,questioned,questions,quickly,quiescent,quiet,quiros,qureshi,qx,r,ra,raabea,raba,rabbit,rac,race,racial,rad,radial,radiat,radiation,radical,radicality,radio,radioactivity,radiobiological,radioisotope,radiol,radiological,radiologically,radiology,radionuclide,radiotherapists,radiotherapy,rae,raederstorff,ragaz,raguin,raines,rainone,raise,raised,raising,raloxifene,ramaswamy,ramazzini,rambaut,ramizzini,ran,randomisation,randomised,randomises,randomized,randomizes,randomly,range,ranged,ranges,ranging,ranking,ranks,ransition,rao,rapeseed,rapid,rapide,rapidly,rare,rarely,rarity,ras,rash,rasmussen,ratcliffe,rate,rated,rates,rather,ratio,ration,rational,rationalise,raupach,ravaged,ravdin,ravichandran,ray,rc,rd,rdonl,re,reach,reached,reaches,react,reaction,reactivation,reactive,reactivity,reader,readers,ready,real,reality,really,realstar,rear,reason,reasonable,reasons,reassurance,reasure,receive,received,receiving,recent,recently,receptor,receptors,recessive,recipients,recognise,recognised,recognition,recognized,recom,recombinant,recommend,recommendations,recommended,recommends,reconstituted,reconstr,reconstructed,reconstruction,reconstructive,record,recorded,recover,recovered,recovering,recovery,recrudescence,recrudescent,recruiting,recruitment,rectal,rectomy,rectum,rectus,recurrence,recurrences,recurrent,red,reduc,reduce,reduced,reduces,reducing,reductase,reduction,reductions,redundancy,reemerging,reeves,refer,reference,referenced,references,referral,referred,refl,reflect,reflecting,reflects,regain,regard,regarded,regarding,regardless,regeneration,regimen,regimens,regimented,region,regional,regions,registration,registries,registry,regress,regression,regular,regularly,regulate,regulated,regulates,regulating,regulation,regulator,regulatory,rehabilitation,reimer,reinforced,reinforcement,rejection,relapse,relat,relate,related,relating,relation,relations,relationship,relationships,relative,relatively,relatives,relaxed,relaxing,release,released,releasing,relevance,relevant,reliable,reliably,relies,religious,relying,remacle,remain,remaining,remains,remdesivir,remission,remodeling,remodelling,remote,remouchamps,removal,remove,removed,removes,removing,renal,render,rendered,renders,renew,renewable,renewed,renshaw,rent,rené,reopen,reorganization,rep,repeat,repeated,repeatedly,replacement,replication,repollet,report,reported,reporting,reports,represent,represented,representing,represents,represses,repressor,repressors,reprinted,reproduced,reproducibility,reproduction,reproductive,republic,repurposed,república,require,required,requirement,requirements,requires,res,resaba,resculpturing,research,researcher,resectable,resected,resection,resemble,reserved,reservoir,reservoirs,residents,residual,residue,resilience,resistance,resistant,reson,resonance,resource,resourced,resources,respect,respected,respectively,respiration,respiratory,responders,response,responses,responsible,responsive,responsiveness,resting,reston,restrict,restricted,restriction,restrictions,result,resulted,resulting,results,resurgence,resuscitation,retarded,retention,retrieval,retroperitoneal,retrospec,retrospective,reuptake,reuse,rev,reveal,revealed,reverse,reversible,reversing,revert,review,reviewed,reviewers,reviews,revised,revision,revisited,revolutionised,reyal,rf,rg,rh,rhabdomyolysis,rhea,rhesus,rheumatological,rheumatology,rho,rhoa,rhodes,ribot,rice,rich,richardson,rieger,riemersma,riethdorf,right,rights,rigorous,rimsten,ring,rinke,rise,rises,rising,risk,risks,rites,rituals,rivadeniera,river,riz,rj,rk,rl,rm,rmation,rmed,rmh,rming,rms,rn,rna,ro,road,robert,roberts,robinson,robson,robust,roca,roche,rochlitz,rock,roddy,rodent,rodger,rodriguez,rodríguez,rogatko,rogler,rohan,rohrmann,rojek,rojo,roldan,role,roles,rolli,rollin,romer,romero,romond,rondeau,ronsse,roo,room,rooms,rophage,rophages,ros,rosal,rosel,rosenbaum,rosenberg,roskams,ross,rothberg,roughly,roumen,round,rousseau,route,routes,routine,routinely,rovere,rowe,roy,royal,rozencweig,rozypal,rp,rr,rs,rst,rt,rtog,rubin,rubino,rudenstam,rudolph,running,rupture,ruptured,rural,russell,russia,rutschmann,rv,rvsv,rw,rx,rychahou,sa,sabel,sabo,sacco,sadej,safe,safely,safer,safety,safronetz,saghir,sahai,saharan,sahin,sahr,said,sainsbury,sainte,sakk,sakuntabhai,salazar,saliva,salmeron,salmon,salomon,salpingo,sample,samples,sampling,san,sanchez,sancho,sanctuary,sanders,sang,sans,santen,saphire,saputra,sarcoma,sarr,sars,saskatchewan,saslow,sastre,sated,satellite,satisfaction,satisfactory,satisfying,satu,saturated,saturation,saurabh,savagner,saved,saven,savignoni,saving,say,sb,sc,scaff,scaini,scale,scaled,scan,scandinavian,scarce,scene,schaefer,schairer,schartz,schedule,scheduled,schedules,schematic,scher,schieffelin,schiemann,schimming,schistosomiasis,schlierf,schlinkert,schmitt,schmitz,schnaper,scholfield,scholl,school,schools,schoomaker,schott,schreiber,schuler,schwenke,sci,science,sciences,scientific,scientists,scintigraphy,score,scores,scotland,scott,scottish,screen,screening,scribed,scully,sd,sdf,se,sea,sealy,search,searched,searches,sec,second,secondary,secrete,secretion,secretions,section,sectional,sections,secunda,security,sedentary,see,seed,seeds,seeking,seem,seems,seen,seer,segmental,seisdedos,seizures,select,selected,selection,selective,selectively,self,semantics,semen,semi,seminal,seminar,senior,senn,sensitisation,sensitive,sensitivity,sensory,sentinel,separate,separated,separately,separates,separating,separation,sepsis,september,septic,septicemia,sequelae,sequence,sequenced,sequences,sequencing,sequential,seques,sequestrants,seregni,serganova,serial,series,serine,serious,seroconversion,serological,serology,seroprevalence,serotonin,serotype,serum,serve,service,services,serving,sesay,sestak,set,setting,settings,seven,seventh,several,severe,severely,severity,sevick,seville,sewell,sex,sexual,sexually,sf,sg,sgroi,sh,shading,shafat,shaffer,shagrawi,shahi,shak,shanghai,shantha,shape,sharman,sharpe,shavit,shear,shedding,shedlock,sheehan,sheikh,shepherd,sherbrooke,sherman,shi,shia,shibuya,shieh,shift,shifted,shifts,shige,shipley,shock,shoemaker,short,shorter,shot,show,showed,shower,showing,shown,shows,shrink,shu,si,sica,sically,sick,sidawy,side,sidibe,sidikiba,siegel,sierra,sieuwerts,sig,sigal,sign,signal,signaling,signalling,signals,signature,signatures,signet,signifi,significance,significant,significantly,signs,sillah,silman,silver,silverman,sim,similar,similarities,similarly,siminoff,simkin,simmons,simms,simon,simoncini,simple,simplifying,simply,simultaneously,simvastatin,since,singapore,singer,single,singletary,singly,sip,sippel,sirna,sis,sissoko,site,sites,situ,situation,sivapalasingam,sive,six,size,sized,sizes,sj,sk,skeletal,skilled,skin,skinner,slamon,slant,sleijfer,slight,slightly,slim,sloap.org,slow,slower,slowly,slowlyprogressivediseaseover,slows,slug,slum,sm,smad,small,smaller,smerage,smet,smigielski,smith,smither,smooth,smurf,sn,snail,sneeze,snowdon,soares,sobarzo,sobin,soc,sochas,social,societal,societies,society,socioeconomic,soil,sole,solely,solid,solin,solinas,soluble,solymoss,somatic,somatostatin,somerfi,somerfield,sometimes,somewhat,somlo,son,sonderegger,sonneville,sons,soslow,soto,soukas,source,sources,south,sow,sowers,soy,sp,spacing,spain,span,sparano,spare,spared,sparing,sparingly,sparks,spatial,spatiotemporal,spe,special,specialised,specialization,specialized,specializing,species,specifi,specific,specifically,specified,specimen,specimens,spectrum,speers,spiculate,spielman,spill,spillage,spindle,spinler,spiritual,spite,splenectomy,spo,sporadic,sporned,sports,spots,spray,spread,spreading,spreads,sprecher,spring,springer,squeeze,sr,sri,ss,st,stabilise,stability,stabilization,stable,stack,staff,staffing,stage,staged,stages,staging,stagnant,stahl,stance,standard,standardisation,standardised,standardize,standardized,stanley,stanols,stantially,star,start,started,starting,starts,starves,state,stated,states,statewide,static,statin,statins,stations,statistical,statistically,statistics,status,ste,steadily,stearns,stec,stefanick,stem,stemness,step,stephan,stephen,steps,stereotactic,steroid,steroidal,sterol,sterols,sterone,sterotactic,steward,stewart,sticchi,stikom,still,stillbirth,stimulate,stimulated,stimulates,stimulation,stimulus,stitial,stolpe,stomach,stomatitis,stop,storage,store,storm,story,strain,strand,stranded,stranding,strategies,strategy,stratify,straznicky,stream,street,strenuous,stresa,stress,stresses,strict,stringer,strive,stroma,stromal,stromelysin,strong,strongest,strongin,strongly,structural,structurally,structure,structured,structures,struggling,studied,studies,study,studying,style,sub,subcentimeter,subcutaneous,subendothelial,subfraction,subfractions,subgroup,subgroups,subject,subjects,submit,submucosa,subpectoral,subpopulation,subsequent,subsequently,subserosa,subset,subsets,substanc,substances,substantial,substantially,substantiate,substantiated,substitute,substitutions,substrate,subtype,subtypes,succeed,success,successful,successfully,sudan,sudden,sudv,suffi,sufficient,sug,sugarbaker,suggest,suggested,suggesting,suggestion,suggestive,suggests,sui,suicide,suitable,suite,suited,sukumar,sulfate,sults,suman,sumed,summarises,summarized,summary,summer,summerbell,summing,sun,sup,superior,superiority,supervised,suppl,suppl_,supple,supplemen,supplement,supplemental,supplementary,supplementation,supplemented,supplementing,supplements,supplies,supply,support,supported,supporting,supportive,supports,suppression,suppressor,supremo,sur,surface,surfaced,surg,surge,surgeon,surgeons,surgery,surgical,surgically,surging,surprising,surprisingly,surrogate,surrounding,surveillance,survey,surveys,survival,survive,survives,surviving,survivor,survivors,suryasa,susceptibility,suspect,suspected,suspicion,suspicious,sustained,svahn,svenson,sw,swab,swanson,sweat,swedish,swett,swiecki,swimming,switch,switching,switzerland,sy,sylvain,symanowski,symmans,symmetrisation,symposia,symposium,symptom,symptomatic,symptoms,syn,synchronous,syndecan,syndrome,syndromes,synergistic,synergistically,synthes,synthesis,synthesised,sys,syst,system,systemat,systematic,systematically,systemic,systems,t.h,ta,table,tables,tablished,tachsidis,tackled,tact,taenoic,tageous,taghian,tailored,tailorx,taining,takada,take,takekoshi,taken,taking,talbott,talisuna,talk,talmadge,talmud,tam,tamoxifen,tang,tangential,tangible,tao,tapia,target,targeted,targeting,targets,targetting,targit,tarro,tases,task,taste,tat,tation,tattevin,taverne,taxane,taxanes,taxel,taxonomic,taxonomy,taxotere,taylor,taï,tb,tc,tch,td,te,teacher,teaches,team,teams,tears,tech,technical,technically,technique,techniques,technol,technology,ted,tein,teins,tekmira,tel,telangiectasia,telephone,telephones,temic,temperature,templeton,temporary,ten,tend,tendency,tending,tends,tent,tentional,term,termed,terminal,terms,terol,territories,territory,terstappen,test,tested,testifying,testing,tests,texas,tf,tg,tgf,th,thallium,thank,theme,theobald,theor,theory,ther,thera,therapeutic,therapeutics,therapies,therapy,thereafter,thereby,therefore,thick,thickness,thieme,thiery,thin,third,thirds,thirion,thismay,thomas,thomassen,thompson,thor,thorized,thoroughly,though,thought,thoughts,thousand,thousands,threat,threatening,three,threonine,threshold,throat,thromb,thrombin,thrombocytopenia,thromboembolic,thromboembolism,thrombogenic,thrombogenicity,thromboglobulin,thrombomodulin,thrombos,thrombosis,thrombotic,thromboxane,thromboxanes,thrombus,throughout,thurlimann,thus,thyroid,thyroidectomy,tial,tibbe,tide,tidy,tiedeman,tiered,tiffany,tightly,tihnov,tim,time,times,timing,timulate,tinib,tion,tional,tionally,tions,tip,tis,tissue,tissues,titre,tiv,tivated,tivation,tivator,tive,tj,tk,tkm,tl,tlc,tlr,tly,tm,tobias,tocotrienols,today,todor,together,tokyo,tolde,tolerability,tolerance,tolerant,toll,tomogra,tomography,tomy,tone,toneal,tool,tools,toonder,top,topic,topographical,topoiso,topoisomerase,tor,torquata,torri,tors,total,totaled,touch,tour,toward,towards,towner,tox,toxic,toxicity,toxin,toyama,tp,tpa,tq,tr,traced,tracing,track,tracker,tracking,tract,traditional,trail,train,trained,training,traits,tran,trans,transaminases,transcriptase,transcription,transcriptional,transducers,transduction,transfer,transformation,transforming,transfusions,transit,transition,transitions,translate,translation,translational,translocation,transmembrane,transmigration,transmissibility,transmissible,transmission,transmit,transmitted,transparency,transparent,transplant,transplantation,transport,transported,transporting,transposition,transversal,transverse,trants,traore,trastu,trastuzumab,travel,treat,treated,treating,treatment,treatments,tremendous,trend,trends,trends_dailytrendscases,triacylglycerol,triad,triage,trial,trial.com,trialists,trialist’s,trials,trier,trigger,triggered,triggers,triglyceride,triglycerides,trinidad,triple,tripled,trop,tropical,tropicales,tropism,trouet,true,truesdale,truong,trust,trusted,trypanosoma,trypanosomiasis,ts,tsimelzon,tuan,tube,tuberculosis,tukhvatulin,tumor,tumoral,tumori,tumorigenesis,tumors,tumour,tumours,tumusiime,turaga,turanzas,turn,turned,turning,tw,tween,twenty,twice,twist,two,tx,txa,txb,tykerb,tyler,type,types,typical,typically,typographum,tyrosine,técnica,u,uals,ubiquitin,ucsd.edu,udayana,uence,uencing,uent,uf,uganda,uganda’s,uh,uhr,uials,uk,ularisation,ulcers,ullrich,ulticentre,ultimately,ultr,ultrajecti,ultrasound,um,un,unable,unaff,unambiguous,unavailable,uncertainties,unclear,uncommon,uncommonly,underdiagnosis,underestimate,underestimated,underestimation,undergo,undergoing,undergone,underlie,underlying,underpinned,underresourced,understand,understanding,understated,understood,undertake,undertaken,undertreatment,underway,underwent,undetectable,undetected,undifferentiated,unequivocal,unequivocally,unexplained,unfamiliar,unfamiliarity,unfavorable,ung,unicellular,unifocal,uniformed,uniformity,uniformly,unin,unique,unit,united,units,universidad,universitaire,university,université,unknown,unless,unlike,unlikely,unnecessary,unprecedented,unpredictability,unraveling,unrecognised,unreliable,unresectable,unsafe,unsatisfactory,unseen,unselected,unshaded,unstable,unsupervised,untold,untreated,unusual,unverified,uorescence,uorouracil,upa,upcoming,update,updated,updating,upfront,upon,upper,upregulating,upstream,uptake,uptodate,urban,urbanised,urbanowicz,ures,ureteral,urine,uritto,urokinase,us,usa,use,used,useful,user,userlicense,uses,ushes,using,usual,usually,ut,ute,uterotrophic,uterus,utility,utilize,utilized,utilizing,utm.edu.ec,utm_campaign,uveitis,uyeki,v,v.i,vacc,vaccin,vaccinated,vaccination,vaccinations,vaccine,vaccines,vaccinia,vacuum,vaginal,vague,vaidya,vairo,valasiadou,valdez,validated,valine,valiquette,valuable,value,values,van,vanda,vanderweele,vanstone,varady,vari,variability,variable,variables,variant,variants,variation,variations,varied,varies,variety,various,varkey,vary,varying,vasc,vascular,vascularity,vasculature,vasculogenesis,vasculopathy,vasoc,vasodilation,vasomotion,vasomotor,vasospasm,vast,vation,vaughan,vc,ve,vector,vectored,vectors,veer,vega,vegetable,vegf,vegfr,vegfrs,vehicle,vekshtein,velasco,velde,velich,velázquez,vena,venepuncture,venkatraman,venneri,ventilate,ventilated,ventilation,vention,ventricular,verapamil,verardi,verastegui,verde,verity,verlag,vermassen,vernon,veronesi,versa,verschueren,verse,version,versus,vertebral,vesely,vesicular,vessel,vessels,vetter,vg,vhf,vi,via,viability,viable,viale,vice,vichow's,vicini,vicious,victims,vidal,vidual,viduals,view,viewed,viewing,viewpoint,views,vigorous,vii,viii,vijver,villabona,village,villages,vimentin,vincent,violent,viraemia,viral,virchow,virchows,viremia,virol,virologic,virology,virtually,virulence,virulent,virus,viruses,visceral,viscosity,viscous,visible,vision,visit,visitor,visits,visual,visualized,vita,vital,vitolins,vitro,vitronectin,vival,vivo,vj,vlems,vlodavsky,vn,vogel,vogelzang,vol,volchkov,volek,volume,volumes,volunteers,vomiting,von,vos,vp,vranizan,vs,vsv,vt,vulnerable,w,wa,wada,wadden,wagenaar,wagner,waizbard,wakeley,walder,wales,walker,walking,wall,wallace,waller,walls,walsh,waltham,wamala,wang,wangw,want,ward,warner,warrant,warranted,warren,wasan,waste,water,waters,watkins,way,wayan,ways,wbc,wc,weaken,weakens,weakly,weakness,wear,weber,week,weekly,weeks,weidinger,weigelt,weight,weighted,weiland,weinberg,weinberger,weintraub,weiss,welfare,well,wells,welsh,wendland,wendt,went,wenzel,werb,wesseh,west,western,westernizing,wf,whatever,whelan,whereas,whereby,wherever,whether,whic,white,whittall,who's,whole,whose,wichmann,wickerham,wide,widely,widening,wider,widespread,widodo,width,wijendran,wild,wildlife,willett,williams,wilmore,wilson,wilund,window,windows,wing,wingless,winter,wise,wish,witchcraft,within,withmmc,without,witnessed,wj,wk,wl,wlc,wm,wnt,wolf,wolfe,wolff,wolmark,wolter,woman’s,women,women’s,wong,wood,woolf,wooten,words,work,worker,workers,works,workshop,workshops,workup,world,worldometer,worldwide,worries,worry,worsea,worst,worthington,woscops,would,wound,wp,wrapped,wright,ws,wt,wu,wuhan,wurie,wurr,www,www.ama,www.apmresearchlab.org,www.cdc.gov,www.elsevier.com,www.hindawi.com,www.nccn.org,www.nemc.org,www.nytimes.com,www.sciencedirect.com,www.sciencescholar.us,www.supremo,www.theglobeandmail.com,www.thelancet.com,www.who.int,www.worldometers.info,wyckoff,x,xed,xenografts,xie,xq,xr,xu,xwvutsrqponmlkjihgfedcbazyxwvutsrqponmlkjihgfedcbastress,xy,y,yambuku,yan,yang,yao,yc,year,years,year’s,yeater,yeshurun,yet,yeung,yf,yi,yield,yielded,yields,yilmaz,yingnan,yip,yj,ym,yogurts,yokobori,yonemoto,yong,york,young,younger,youngest,youth,yperlipidaemia,yperlipidaemias,yte,ytokines,yu,yuan,z,za,zachariah,zafrani,zaire,zaki,zeb,zebov,zeisberg,zemel,zf,zhang,zhao,zhou,zhu,zimmermann,zinc,zinser,zitterbart,zlotnik,zmab,zmapp,zonderland,zone,zones,zoonotic,zp,zubkova,zumab,zurrida,zyxwvutsrqponmlkjihgfedcbazyxwvutsrqponmlkjihgfedcba,zyxwvutsrqponmlkjihgfedcbazyxwvutsrqponmlkjihgfedcbastatin,ébola,ǂ,αvβ,αβ,β,